{"cameraMode":{"drawMode":0,"name":"Shaded","section":"Shading Mode"},"sceneLighting":true,"audioPlay":false,"sceneViewState":{"m_AlwaysRefresh":false,"showFog":true,"showSkybox":true,"showFlares":true,"showImageEffects":true,"showParticleSystems":true,"showVisualEffectGraphs":true,"m_FxEnabled":true},"in2DMode":false,"pivot":{"x":0.521393358707428,"y":1.8555994033813477,"z":0.009804907254874707},"rotation":{"x":-0.3159030079841614,"y":0.41796788573265078,"z":-0.15727628767490388,"w":-0.8372755646705627},"size":5.142369747161865,"orthographic":false}